<?xml version="1.0" encoding="UTF-8" ?>
<beans xmlns="http://www.springframework.org/schema/beans"
	xmlns:xsi="http://www.w3.org/2001/XMLSchema-instance" xmlns:p="http://www.springframework.org/schema/p"
	
	xsi:schemaLocation="http://www.springframework.org/schema/beans
	http://www.springframework.org/schema/beans/spring-beans-3.0.xsd">

	<bean id="timerTask"
		class="com.baobaotao.basic.timer.SimpleTimerTask" />
		
	<bean id="scheduledTask"
		  class="org.springframework.scheduling.timer.ScheduledTimerTask"
		  p:delay="1000"
		  p:period="1000"
		  p:timerTask-ref="timerTask1"/>


	<bean id="timer"
		class="org.springframework.scheduling.timer.TimerFactoryBean">
		<property name="scheduledTimerTasks">
			<list>
				<ref bean="scheduledTask" />
			</list>
		</property>
	</bean>

	<bean id="myService" class="com.baobaotao.service.MyService" />
	<bean id="timerTask1"
		  class="org.springframework.scheduling.timer.MethodInvokingTimerTaskFactoryBean"
		  p:targetObject-ref="myService"
		  p:targetMethod="doJob"/>

	
</beans>