<?xml version="1.0"?>
<!DOCTYPE mapping PUBLIC "-//EXOLAB/Castor Mapping DTD Version 1.0//EN"
                        "http://castor.org/mapping.dtd">
<mapping>
    <!--class标签里name应该是带有包名的JavaBean类全名 -->
	<class name="com.baobaotao.domain.User">
	   <!--  map-to xml="user"指XML文件的根节点,区分大小写    -->
	   <map-to xml="user"/>
	   <field name="userId" type="integer">
	      <bind-xml name="userId" node="element"/>
	   </field>
	   <field name="credits" type="integer">
	      <bind-xml name="credits" node="element"/>
	   </field>
	   <field name="userName" type="string">
	      <bind-xml name="userName" node="element"/>
	   </field>
	   <field name="password" type="string">
	      <bind-xml name="password" node="element"/>
	   </field>
	   <field name="lastIp" type="string">
	      <bind-xml name="lastIp" node="element"/>
	   </field>
	   <field name="lastVisit" type="date">
	      <bind-xml name="lastVisit" node="element"/>
	   </field>
	   <field name="logs" type="com.baobaotao.domain.LoginLog"  collection="arraylist">
	      <bind-xml name="log"  />
	   </field>
	</class>
	<class name="com.baobaotao.domain.LoginLog">
	    <field name="loginLogId" type="int">
			<bind-xml name="id" node="attribute" />
		</field>
		<field name="userId" type="int">
			<bind-xml name="userId" />
		</field>
		<field name="ip" type="java.lang.String">
			<bind-xml name="ip" />
		</field>
		<field name="loginDate" type="date">
			<bind-xml name="loginDate" />
		</field>
	</class>
</mapping>