<?xml version="1.0" encoding="UTF-8" ?>
<beans xmlns="http://www.springframework.org/schema/beans"
	xmlns:xsi="http://www.w3.org/2001/XMLSchema-instance" 
	xmlns:p="http://www.springframework.org/schema/p"
	xmlns:context="http://www.springframework.org/schema/context"
	xsi:schemaLocation="http://www.springframework.org/schema/beans
	http://www.springframework.org/schema/beans/spring-beans-3.0.xsd
    http://www.springframework.org/schema/context
    http://www.springframework.org/schema/context/spring-context-3.0.xsd">
    
    <context:component-scan base-package="com.baobaotao"/>
    
	<bean id="sender"
		class="org.springframework.mail.javamail.JavaMailSenderImpl"
		p:host="smtp.163.com"
		p:username="masterspring"
		p:password="spring">
		<property name="javaMailProperties">
			<props>
				<prop key="mail.smtp.auth">true</prop>
			</props>
		</property>
	</bean>
	
	<bean id="freeMarkerConfigurer"
		  class="org.springframework.web.servlet.view.freemarker.FreeMarkerConfigurer"
		  p:templateLoaderPath="classpath:mailTemplate/">
		<property name="freemarkerSettings">
			<props>
				<prop key="template_update_delay">1800</prop>
				<prop key="default_encoding">UTF-8</prop>
				<prop key="locale">zh_CN</prop>
			</props>
		</property>
	</bean>	
	<bean id="taskExecutor" 
	      class="org.springframework.scheduling.concurrent.ThreadPoolTaskExecutor"
	      p:corePoolSize="10"
	      p:maxPoolSize="30"/>


</beans>