<?xml version="1.0" encoding="UTF-8"?>
<!DOCTYPE hibernate-mapping PUBLIC "-//Hibernate/Hibernate Mapping DTD//EN"
		"http://hibernate.sourceforge.net/hibernate-mapping-3.0.dtd">
<hibernate-mapping >
	<class name="com.baobaotao.domain.Topic" table="t_topic">
		<id name="topicId" column="topic_id">
			<generator class="identity" />
		</id>
		<property name="topicTitle" column="topic_title" />

		<property name="createTime" column="create_time" type="date" />
		<property name="lastPost" column="last_post" type="date"/>
		<property name="views" column="topic_views" />
		<property name="replies" column="topic_replies"/>
		<property name="digest" column="digest"/>
        <property name="boardId" column="board_id"/>
        <many-to-one name="user" class="com.baobaotao.domain.User" column="user_id"/>
        <one-to-one name="mainPost" class="com.baobaotao.domain.MainPost"  cascade="none"/>
	</class>
</hibernate-mapping>
