<?xml version="1.0" encoding="UTF-8"?>
<!DOCTYPE hibernate-mapping PUBLIC "-//Hibernate/Hibernate Mapping DTD//EN"
		"http://hibernate.sourceforge.net/hibernate-mapping-3.0.dtd">
<hibernate-mapping>
	<class name="com.baobaotao.domain.User" table="t_user" >
		<id name="userId" column="user_id">
			<generator class="identity" />
		</id>
		<property name="userName" column="user_name" />
		<property name="password"/>
		<property name="locked"/>
		<property name="credit"/>
    	<property name="lastIp" column="last_ip"/>
    	<property name="lastVisit" column="last_visit" type="date"/>
		<property name="userType" column="user_type"/>
		<set name="manBoards" cascade="save-update" table="t_board_manager">
			<key column="user_id" />
			<many-to-many class="com.baobaotao.domain.Board" column="board_id" />
		</set>
	</class>
</hibernate-mapping>
