<beans xmlns="http://www.springframework.org/schema/beans"
	xmlns:xsi="http://www.w3.org/2001/XMLSchema-instance" xmlns:p="http://www.springframework.org/schema/p"
	xmlns:context="http://www.springframework.org/schema/context"
	xmlns:mvc="http://www.springframework.org/schema/mvc"
	xsi:schemaLocation="http://www.springframework.org/schema/beans   
           http://www.springframework.org/schema/beans/spring-beans-3.0.xsd  
           http://www.springframework.org/schema/mvc  
           http://www.springframework.org/schema/mvc/spring-mvc-3.0.xsd
           http://www.springframework.org/schema/context   
           http://www.springframework.org/schema/context/spring-context-3.0.xsd">
	<!-- 自动扫描com.baobaotao.web 包下的@Controller标注的类控制器类 -->
	<context:component-scan base-package="com.baobaotao.web" />
	
	<!-- 启动Spring MVC的注解功能，完成请求和注解POJO的映射 -->
	<mvc:annotation-driven/>

	<!-- 对模型视图名称的解析，在请求时模型视图名称添加前后缀 -->
	<bean
		class="org.springframework.web.servlet.view.InternalResourceViewResolver"
		p:prefix="/WEB-INF/jsp/" p:suffix=".jsp" />
	<bean id="multipartResolver"
		class="org.springframework.web.multipart.commons.CommonsMultipartResolver"
		p:defaultEncoding="utf-8" />
		
	<bean id="messageSource"
		class="org.springframework.context.support.ResourceBundleMessageSource"
		p:basename="i18n/messages" />

    <!--WEB异常解析处理-->
	<bean id="exceptionResolver" class="com.baobaotao.web.ForumHandlerExceptionResolver">
		<property name="defaultErrorView">
			<value>fail</value>
		</property>
		<property name="exceptionMappings">
			<props>
				<prop key="java.lang.RuntimeException">fail</prop>
			</props>
		</property>
	</bean>
</beans>  
