<?xml version="1.0" encoding="UTF-8" ?>
<beans xmlns="http://www.springframework.org/schema/beans"
       xmlns:xsi="http://www.w3.org/2001/XMLSchema-instance"
       xmlns:context="http://www.springframework.org/schema/context"
       xmlns:p="http://www.springframework.org/schema/p" xmlns:aop="http://www.springframework.org/schema/aop"
       xmlns:tx="http://www.springframework.org/schema/tx"
       xsi:schemaLocation="http://www.springframework.org/schema/beans http://www.springframework.org/schema/beans/spring-beans-3.0.xsd
    http://www.springframework.org/schema/context http://www.springframework.org/schema/context/spring-context-3.0.xsd http://www.springframework.org/schema/aop http://www.springframework.org/schema/aop/spring-aop-3.0.xsd http://www.springframework.org/schema/tx http://www.springframework.org/schema/tx/spring-tx-3.0.xsd">
    <context:component-scan base-package="com.baobaotao.mixlayer"/>
    <context:property-placeholder location="classpath:jdbc.properties"/>

    <bean id="dataSource" class="org.apache.commons.dbcp.BasicDataSource"
		destroy-method="close" 
		p:driverClassName="${jdbc.driverClassName}"
		p:url="${jdbc.url}" 
		p:username="${jdbc.username}"
		p:password="${jdbc.password}"/>

    <bean id="jdbcTemplate"
          class="org.springframework.jdbc.core.JdbcTemplate"
          p:dataSource-ref="dataSource"/>

    <bean id="transactionManager"
          class="org.springframework.jdbc.datasource.DataSourceTransactionManager"
          p:dataSource-ref="dataSource"/>
    
    <tx:annotation-driven/>
    
    
        

    <!-- 启动Spring MVC的注解功能，完成请求和注解POJO的映射-->
    <bean class="org.springframework.web.servlet.mvc.annotation.AnnotationMethodHandlerAdapter"/>

    <!-- 模型视图名称的解析，即在模型视图名称添加前后缀 -->
    <bean class="org.springframework.web.servlet.view.InternalResourceViewResolver"
          p:prefix="/WEB-INF/jsp/" p:suffix=".jsp"/>
</beans>