<?xml version="1.0" encoding="UTF-8" ?>
<beans xmlns="http://www.springframework.org/schema/beans"
	xmlns:xsi="http://www.w3.org/2001/XMLSchema-instance" 
	xmlns:p="http://www.springframework.org/schema/p"
	xmlns:context="http://www.springframework.org/schema/context"
	xmlns:aop="http://www.springframework.org/schema/aop" 
	xmlns:tx="http://www.springframework.org/schema/tx"
	xsi:schemaLocation="http://www.springframework.org/schema/beans
	http://www.springframework.org/schema/beans/spring-beans-3.0.xsd
    http://www.springframework.org/schema/context
    http://www.springframework.org/schema/context/spring-context-3.0.xsd
    http://www.springframework.org/schema/aop
    http://www.springframework.org/schema/aop/spring-aop-3.0.xsd
    http://www.springframework.org/schema/tx
    http://www.springframework.org/schema/tx/spring-tx-3.0.xsd">
    <context:component-scan base-package="com.baobaotao.dao.hibernate"/>	
    <context:component-scan base-package="com.baobaotao.service.hibernate"/>	
    
	<context:property-placeholder location="classpath:jdbc.properties" />
	<bean id="dataSource" class="org.apache.commons.dbcp.BasicDataSource"
		destroy-method="close"
		p:driverClassName="${jdbc.driverClassName}"
		p:url="${jdbc.url}"
		p:username="${jdbc.username}"
		p:password="${jdbc.password}"/>
    
    <!-- 直接使用hibernate配置 -->
    <!--  
     <bean id="sessionFactory"
		class="org.springframework.orm.hibernate3.LocalSessionFactoryBean"
		p:configLocation="classpath:hibernate.cfg.xml"/>
    --> 	
	 <bean id="lobHandler" 
	       class="org.springframework.jdbc.support.lob.DefaultLobHandler"
	       lazy-init="true" />
	 	
	<bean id="sessionFactory"
		class="org.springframework.orm.hibernate3.LocalSessionFactoryBean"
		p:dataSource-ref="dataSource"
		p:mappingDirectoryLocations="classpath:/com/baobaotao/domain"
		p:lobHandler-ref="lobHandler">
        <property name="hibernateProperties">
            <props>
                <prop key="hibernate.dialect">
                    org.hibernate.dialect.MySQLDialect
                </prop>
                <prop key="hibernate.show_sql">
                    true
                </prop>
            </props>
        </property>		
	</bean>
    
    <bean id="hibernateTemplate"
          class="org.springframework.orm.hibernate3.HibernateTemplate"
          p:sessionFactory-ref="sessionFactory"/>
     
	<bean id="transactionManager"
		class="org.springframework.orm.hibernate3.HibernateTransactionManager"
		p:sessionFactory-ref="sessionFactory" />
	<tx:annotation-driven transaction-manager="transactionManager"/>
	
</beans>