<?xml version="1.0" encoding="UTF-8" ?>
<beans xmlns="http://www.springframework.org/schema/beans"
	xmlns:xsi="http://www.w3.org/2001/XMLSchema-instance" 
	xmlns:p="http://www.springframework.org/schema/p"
	xmlns:tx="http://www.springframework.org/schema/tx"
	xmlns:context="http://www.springframework.org/schema/context"
	xsi:schemaLocation="http://www.springframework.org/schema/beans
	http://www.springframework.org/schema/beans/spring-beans-3.0.xsd
    http://www.springframework.org/schema/context
    http://www.springframework.org/schema/context/spring-context-3.0.xsd
    http://www.springframework.org/schema/tx
    http://www.springframework.org/schema/tx/spring-tx-3.0.xsd">
	<context:component-scan base-package="com.baobaotao.dao.mybatis" />
    <context:component-scan base-package="com.baobaotao.service.mybatis" />
	<context:property-placeholder location="classpath:jdbc.properties" />
	<bean id="dataSource" 
	    class="org.apache.commons.dbcp.BasicDataSource"
		destroy-method="close" 
		p:driverClassName="${jdbc.driverClassName}"
		p:url="${jdbc.url}"
		p:username="${jdbc.username}"
		p:password="${jdbc.password}" />
		
	<bean id="sqlSessionFactory" 
	  class="org.mybatis.spring.SqlSessionFactoryBean"
	  p:dataSource-ref="dataSource"
	  p:configLocation="classpath:myBatisConfig.xml"
	  p:mapperLocations="classpath:com/baobaotao/domain/mybatis/*.xml"/>
	
   <bean class="org.mybatis.spring.SqlSessionTemplate">
      <constructor-arg ref="sqlSessionFactory"/>
   </bean> 
	  
    <bean class="org.mybatis.spring.mapper.MapperScannerConfigurer"
          p:sqlSessionFactory-ref="sqlSessionFactory"
          p:basePackage="com.baobaotao.dao.mybatis"/>
     
     <bean id="transactionManager" 
         class="org.springframework.jdbc.datasource.DataSourceTransactionManager"
         p:dataSource-ref="dataSource"/>
         
     <tx:annotation-driven transaction-manager="transactionManager"/>     
</beans>