<?xml version='1.0' encoding='utf-8'?>

<!DOCTYPE hibernate-configuration PUBLIC
        "-//Hibernate/Hibernate Configuration DTD 3.0//EN"
        "http://www.hibernate.org/dtd/hibernate-configuration-3.0.dtd">
<hibernate-configuration>
	<session-factory>
		<property name="connection.driver_class">
			com.mysql.jdbc.Driver
		</property>
		<property name="connection.url">
			jdbc:mysql://localhost:3306/sampledb
		</property>
		<property name="connection.username">root</property>
		<property name="connection.password">1234</property>
		<property name="dialect">
			org.hibernate.dialect.MySQLDialect
		</property>
		<property name="show_sql">true</property>
		<property name="format_sql">true</property>
		<property name="current_session_context_class">thread</property>
		<mapping resource="com/baobaotao/domain/Forum.hbm.xml" />
	</session-factory>
</hibernate-configuration>
