<?xml version="1.0" encoding="UTF-8"?>
<beans xmlns="http://www.springframework.org/schema/beans"
       xmlns:xsi="http://www.w3.org/2001/XMLSchema-instance"
       xmlns:p="http://www.springframework.org/schema/p"
       xsi:schemaLocation="http://www.springframework.org/schema/beans
	   		http://www.springframework.org/schema/beans/spring-beans-3.0.xsd">
    <bean id="springXPath" class="com.baobaotao.ws.xpath.SpringXPath"
          p:xpathExpression-ref="xpathExpression"/>
    <bean id="xpathExpression" class="org.springframework.xml.xpath.XPathExpressionFactoryBean">
        <property name="expression" value="/SOAP-ENV:Envelope//v1:getRefinedTopicCountRequest"/>
        <property name="namespaces">
            <map>
                <entry key="SOAP-ENV">
                    <value>http://schemas.xmlsoap.org/soap/envelope/</value>
                </entry>
                <entry key="v1">
                    <value>http://www.baobaotao.com/ws/server/springws/schema/messages/v1</value>
                </entry>
            </map>
        </property>
    </bean>
</beans>